"Name","RequiredServices","CanPauseAndContinue","CanShutdown","CanStop","DisplayName","DependentServices","MachineName","ServiceName","ServicesDependedOn","ServiceHandle","Status","ServiceType","StartType","Site","Container"
"AarSvc_381a5","System.ServiceProcess.ServiceController[]","False","False","False","AarSvc_381a5","System.ServiceProcess.ServiceController[]",".","AarSvc_381a5","System.ServiceProcess.ServiceController[]",,"Stopped","224","Manual",,
"AJRouter","System.ServiceProcess.ServiceController[]","False","False","False","AllJoyn Router Service","System.ServiceProcess.ServiceController[]",".","AJRouter","System.ServiceProcess.ServiceController[]",,"Stopped","Win32ShareProcess","Manual",,
"ALG","System.ServiceProcess.ServiceController[]","False","False","False","Application Layer Gateway Service","System.ServiceProcess.ServiceController[]",".","ALG","System.ServiceProcess.ServiceController[]",,"Stopped","Win32OwnProcess","Manual",,
"AppIDSvc","System.ServiceProcess.ServiceController[]","False","False","False","Application Identity","System.ServiceProcess.ServiceController[]",".","AppIDSvc","System.ServiceProcess.ServiceController[]",,"Stopped","Win32ShareProcess","Manual",,
"AppMgmt","System.ServiceProcess.ServiceController[]","False","False","False","Application Management","System.ServiceProcess.ServiceController[]",".","AppMgmt","System.ServiceProcess.ServiceController[]",,"Stopped","Win32ShareProcess","Manual",,
"AppReadiness","System.ServiceProcess.ServiceController[]","False","False","False","App Readiness","System.ServiceProcess.ServiceController[]",".","AppReadiness","System.ServiceProcess.ServiceController[]",,"Stopped","Win32OwnProcess, Win32ShareProcess","Manual",,
"AppVClient","System.ServiceProcess.ServiceController[]","False","False","False","Microsoft App-V Client","System.ServiceProcess.ServiceController[]",".","AppVClient","System.ServiceProcess.ServiceController[]",,"Stopped","Win32OwnProcess","Disabled",,
"AssignedAccessManagerSvc","System.ServiceProcess.ServiceController[]","False","False","False","AssignedAccessManager Service","System.ServiceProcess.ServiceController[]",".","AssignedAccessManagerSvc","System.ServiceProcess.ServiceController[]",,"Stopped","Win32ShareProcess","Manual",,
"autotimesvc","System.ServiceProcess.ServiceController[]","False","False","False","Cellular Time","System.ServiceProcess.ServiceController[]",".","autotimesvc","System.ServiceProcess.ServiceController[]",,"Stopped","Win32OwnProcess","Manual",,
"AxInstSV","System.ServiceProcess.ServiceController[]","False","False","False","ActiveX Installer (AxInstSV)","System.ServiceProcess.ServiceController[]",".","AxInstSV","System.ServiceProcess.ServiceController[]",,"Stopped","Win32ShareProcess","Manual",,
"BcastDVRUserService_381a5","System.ServiceProcess.ServiceController[]","False","False","False","BcastDVRUserService_381a5","System.ServiceProcess.ServiceController[]",".","BcastDVRUserService_381a5","System.ServiceProcess.ServiceController[]",,"Stopped","224","Manual",,
"CaptureService_381a5","System.ServiceProcess.ServiceController[]","False","False","False","CaptureService_381a5","System.ServiceProcess.ServiceController[]",".","CaptureService_381a5","System.ServiceProcess.ServiceController[]",,"Stopped","224","Manual",,
"CertPropSvc","System.ServiceProcess.ServiceController[]","False","False","False","Certificate Propagation","System.ServiceProcess.ServiceController[]",".","CertPropSvc","System.ServiceProcess.ServiceController[]",,"Stopped","Win32ShareProcess","Manual",,
"ClipSVC","System.ServiceProcess.ServiceController[]","False","False","False","Client License Service (ClipSVC)","System.ServiceProcess.ServiceController[]",".","ClipSVC","System.ServiceProcess.ServiceController[]",,"Stopped","Win32OwnProcess, Win32ShareProcess","Manual",,
"cloudidsvc","System.ServiceProcess.ServiceController[]","False","False","False","Microsoft Cloud Identity Service","System.ServiceProcess.ServiceController[]",".","cloudidsvc","System.ServiceProcess.ServiceController[]",,"Stopped","Win32OwnProcess","Manual",,
"COMSysApp","System.ServiceProcess.ServiceController[]","False","False","False","COM+ System Application","System.ServiceProcess.ServiceController[]",".","COMSysApp","System.ServiceProcess.ServiceController[]",,"Stopped","Win32OwnProcess","Manual",,
"ConsentUxUserSvc_381a5","System.ServiceProcess.ServiceController[]","False","False","False","ConsentUxUserSvc_381a5","System.ServiceProcess.ServiceController[]",".","ConsentUxUserSvc_381a5","System.ServiceProcess.ServiceController[]",,"Stopped","224","Manual",,
"CredentialEnrollmentManagerUserSvc_381a5","System.ServiceProcess.ServiceController[]","False","False","False","CredentialEnrollmentManagerUserSvc_381a5","System.ServiceProcess.ServiceController[]",".","CredentialEnrollmentManagerUserSvc_381a5","System.ServiceProcess.ServiceController[]",,"Stopped","208","Manual",,
"CscService","System.ServiceProcess.ServiceController[]","False","False","False","Offline Files","System.ServiceProcess.ServiceController[]",".","CscService","System.ServiceProcess.ServiceController[]",,"Stopped","Win32ShareProcess","Manual",,
"dcsvc","System.ServiceProcess.ServiceController[]","False","False","False","Declared Configuration(DC) service","System.ServiceProcess.ServiceController[]",".","dcsvc","System.ServiceProcess.ServiceController[]",,"Stopped","Win32OwnProcess","Manual",,
"defragsvc","System.ServiceProcess.ServiceController[]","False","False","False","Optimize drives","System.ServiceProcess.ServiceController[]",".","defragsvc","System.ServiceProcess.ServiceController[]",,"Stopped","Win32OwnProcess","Manual",,
"DeviceAssociationBrokerSvc_381a5","System.ServiceProcess.ServiceController[]","False","False","False","DeviceAssociationBrokerSvc_381a5","System.ServiceProcess.ServiceController[]",".","DeviceAssociationBrokerSvc_381a5","System.ServiceProcess.ServiceController[]",,"Stopped","224","Manual",,
"DevicePickerUserSvc_381a5","System.ServiceProcess.ServiceController[]","False","False","False","DevicePickerUserSvc_381a5","System.ServiceProcess.ServiceController[]",".","DevicePickerUserSvc_381a5","System.ServiceProcess.ServiceController[]",,"Stopped","224","Manual",,
"diagnosticshub.standardcollector.service","System.ServiceProcess.ServiceController[]","False","False","False","Microsoft (R) Diagnostics Hub Standard Collector Service","System.ServiceProcess.ServiceController[]",".","diagnosticshub.standardcollector.service","System.ServiceProcess.ServiceController[]",,"Stopped","Win32OwnProcess","Manual",,
"diagsvc","System.ServiceProcess.ServiceController[]","False","False","False","Diagnostic Execution Service","System.ServiceProcess.ServiceController[]",".","diagsvc","System.ServiceProcess.ServiceController[]",,"Stopped","Win32ShareProcess","Manual",,
"DialogBlockingService","System.ServiceProcess.ServiceController[]","False","False","False","DialogBlockingService","System.ServiceProcess.ServiceController[]",".","DialogBlockingService","System.ServiceProcess.ServiceController[]",,"Stopped","Win32ShareProcess","Disabled",,
"DmEnrollmentSvc","System.ServiceProcess.ServiceController[]","False","False","False","Device Management Enrollment Service","System.ServiceProcess.ServiceController[]",".","DmEnrollmentSvc","System.ServiceProcess.ServiceController[]",,"Stopped","Win32OwnProcess","Manual",,
"dmwappushservice","System.ServiceProcess.ServiceController[]","False","False","False","Device Management Wireless Application Protocol (WAP) Push message Routing Service","System.ServiceProcess.ServiceController[]",".","dmwappushservice","System.ServiceProcess.ServiceController[]",,"Stopped","Win32ShareProcess","Manual",,
"dot3svc","System.ServiceProcess.ServiceController[]","False","False","False","Wired AutoConfig","System.ServiceProcess.ServiceController[]",".","dot3svc","System.ServiceProcess.ServiceController[]",,"Stopped","Win32ShareProcess","Manual",,
"DsmSvc","System.ServiceProcess.ServiceController[]","False","False","False","Device Setup Manager","System.ServiceProcess.ServiceController[]",".","DsmSvc","System.ServiceProcess.ServiceController[]",,"Stopped","Win32OwnProcess, Win32ShareProcess","Manual",,
"EapHost","System.ServiceProcess.ServiceController[]","False","False","False","Extensible Authentication Protocol","System.ServiceProcess.ServiceController[]",".","EapHost","System.ServiceProcess.ServiceController[]",,"Stopped","Win32ShareProcess","Manual",,
"edgeupdate","System.ServiceProcess.ServiceController[]","False","False","False","Microsoft Edge Update Service (edgeupdate)","System.ServiceProcess.ServiceController[]",".","edgeupdate","System.ServiceProcess.ServiceController[]",,"Stopped","Win32OwnProcess","Automatic",,
"edgeupdatem","System.ServiceProcess.ServiceController[]","False","False","False","Microsoft Edge Update Service (edgeupdatem)","System.ServiceProcess.ServiceController[]",".","edgeupdatem","System.ServiceProcess.ServiceController[]",,"Stopped","Win32OwnProcess","Manual",,
"EFS","System.ServiceProcess.ServiceController[]","False","False","False","Encrypting File System (EFS)","System.ServiceProcess.ServiceController[]",".","EFS","System.ServiceProcess.ServiceController[]",,"Stopped","Win32ShareProcess","Manual",,
"embeddedmode","System.ServiceProcess.ServiceController[]","False","False","False","Embedded Mode","System.ServiceProcess.ServiceController[]",".","embeddedmode","System.ServiceProcess.ServiceController[]",,"Stopped","Win32ShareProcess","Manual",,
"EntAppSvc","System.ServiceProcess.ServiceController[]","False","False","False","Enterprise App Management Service","System.ServiceProcess.ServiceController[]",".","EntAppSvc","System.ServiceProcess.ServiceController[]",,"Stopped","Win32ShareProcess","Manual",,
"fdPHost","System.ServiceProcess.ServiceController[]","False","False","False","Function Discovery Provider Host","System.ServiceProcess.ServiceController[]",".","fdPHost","System.ServiceProcess.ServiceController[]",,"Stopped","Win32ShareProcess","Manual",,
"FDResPub","System.ServiceProcess.ServiceController[]","False","False","False","Function Discovery Resource Publication","System.ServiceProcess.ServiceController[]",".","FDResPub","System.ServiceProcess.ServiceController[]",,"Stopped","Win32ShareProcess","Manual",,
"fhsvc","System.ServiceProcess.ServiceController[]","False","False","False","File History Service","System.ServiceProcess.ServiceController[]",".","fhsvc","System.ServiceProcess.ServiceController[]",,"Stopped","Win32ShareProcess","Manual",,
"FontCache3.0.0.0","System.ServiceProcess.ServiceController[]","False","False","False","Windows Presentation Foundation Font Cache 3.0.0.0","System.ServiceProcess.ServiceController[]",".","FontCache3.0.0.0","System.ServiceProcess.ServiceController[]",,"Stopped","Win32OwnProcess","Manual",,
"FrameServer","System.ServiceProcess.ServiceController[]","False","False","False","Windows Camera Frame Server","System.ServiceProcess.ServiceController[]",".","FrameServer","System.ServiceProcess.ServiceController[]",,"Stopped","Win32OwnProcess, Win32ShareProcess","Manual",,
"FrameServerMonitor","System.ServiceProcess.ServiceController[]","False","False","False","Windows Camera Frame Server Monitor","System.ServiceProcess.ServiceController[]",".","FrameServerMonitor","System.ServiceProcess.ServiceController[]",,"Stopped","Win32OwnProcess","Manual",,
"GameInputSvc","System.ServiceProcess.ServiceController[]","False","False","False","GameInput Service","System.ServiceProcess.ServiceController[]",".","GameInputSvc","System.ServiceProcess.ServiceController[]",,"Stopped","Win32OwnProcess","Manual",,
"GoogleChromeElevationService","System.ServiceProcess.ServiceController[]","False","False","False","Google Chrome Elevation Service (GoogleChromeElevationService)","System.ServiceProcess.ServiceController[]",".","GoogleChromeElevationService","System.ServiceProcess.ServiceController[]",,"Stopped","Win32OwnProcess","Manual",,
"GoogleUpdaterInternalService130.0.6679.0","System.ServiceProcess.ServiceController[]","False","False","False","GoogleUpdater InternalService 130.0.6679.0 (GoogleUpdaterInternalService130.0.6679.0)","System.ServiceProcess.ServiceController[]",".","GoogleUpdaterInternalService130.0.6679.0","System.ServiceProcess.ServiceController[]",,"Stopped","Win32OwnProcess","Automatic",,
"GoogleUpdaterService130.0.6679.0","System.ServiceProcess.ServiceController[]","False","False","False","GoogleUpdater Service 130.0.6679.0 (GoogleUpdaterService130.0.6679.0)","System.ServiceProcess.ServiceController[]",".","GoogleUpdaterService130.0.6679.0","System.ServiceProcess.ServiceController[]",,"Stopped","Win32OwnProcess","Automatic",,
"gpsvc","System.ServiceProcess.ServiceController[]","False","False","False","Group Policy Client","System.ServiceProcess.ServiceController[]",".","gpsvc","System.ServiceProcess.ServiceController[]",,"Stopped","Win32OwnProcess, Win32ShareProcess","Automatic",,
"GraphicsPerfSvc","System.ServiceProcess.ServiceController[]","False","False","False","GraphicsPerfSvc","System.ServiceProcess.ServiceController[]",".","GraphicsPerfSvc","System.ServiceProcess.ServiceController[]",,"Stopped","Win32ShareProcess","Manual",,
"icssvc","System.ServiceProcess.ServiceController[]","False","False","False","Windows Mobile Hotspot Service","System.ServiceProcess.ServiceController[]",".","icssvc","System.ServiceProcess.ServiceController[]",,"Stopped","Win32ShareProcess","Manual",,
"Intel(R) Platform License Manager Service","System.ServiceProcess.ServiceController[]","False","False","False","Intel(R) Platform License Manager Service","System.ServiceProcess.ServiceController[]",".","Intel(R) Platform License Manager Service","System.ServiceProcess.ServiceController[]",,"Stopped","Win32OwnProcess","Automatic",,
"IpxlatCfgSvc","System.ServiceProcess.ServiceController[]","False","False","False","IP Translation Configuration Service","System.ServiceProcess.ServiceController[]",".","IpxlatCfgSvc","System.ServiceProcess.ServiceController[]",,"Stopped","Win32ShareProcess","Manual",,
"KtmRm","System.ServiceProcess.ServiceController[]","False","False","False","KtmRm for Distributed Transaction Coordinator","System.ServiceProcess.ServiceController[]",".","KtmRm","System.ServiceProcess.ServiceController[]",,"Stopped","Win32ShareProcess","Manual",,
"lltdsvc","System.ServiceProcess.ServiceController[]","False","False","False","Link-Layer Topology Discovery Mapper","System.ServiceProcess.ServiceController[]",".","lltdsvc","System.ServiceProcess.ServiceController[]",,"Stopped","Win32ShareProcess","Manual",,
"LxpSvc","System.ServiceProcess.ServiceController[]","False","False","False","Language Experience Service","System.ServiceProcess.ServiceController[]",".","LxpSvc","System.ServiceProcess.ServiceController[]",,"Stopped","Win32OwnProcess, Win32ShareProcess","Manual",,
"MapsBroker","System.ServiceProcess.ServiceController[]","False","False","False","Downloaded Maps Manager","System.ServiceProcess.ServiceController[]",".","MapsBroker","System.ServiceProcess.ServiceController[]",,"Stopped","Win32OwnProcess","Automatic",,
"McpManagementService","System.ServiceProcess.ServiceController[]","False","False","False","McpManagementService","System.ServiceProcess.ServiceController[]",".","McpManagementService","System.ServiceProcess.ServiceController[]",,"Stopped","Win32OwnProcess","Manual",,
"mc-wps-secdashboardservice","System.ServiceProcess.ServiceController[]","False","False","False","mc-wps-secdashboardservice","System.ServiceProcess.ServiceController[]",".","mc-wps-secdashboardservice","System.ServiceProcess.ServiceController[]",,"Stopped","Win32OwnProcess","Manual",,
"mc-wps-update","System.ServiceProcess.ServiceController[]","False","False","False","McAfee Software Update","System.ServiceProcess.ServiceController[]",".","mc-wps-update","System.ServiceProcess.ServiceController[]",,"Stopped","Win32OwnProcess","Manual",,
"MessagingService_381a5","System.ServiceProcess.ServiceController[]","False","False","False","MessagingService_381a5","System.ServiceProcess.ServiceController[]",".","MessagingService_381a5","System.ServiceProcess.ServiceController[]",,"Stopped","224","Manual",,
"MicrosoftEdgeElevationService","System.ServiceProcess.ServiceController[]","False","False","False","Microsoft Edge Elevation Service (MicrosoftEdgeElevationService)","System.ServiceProcess.ServiceController[]",".","MicrosoftEdgeElevationService","System.ServiceProcess.ServiceController[]",,"Stopped","Win32OwnProcess","Manual",,
"MixedRealityOpenXRSvc","System.ServiceProcess.ServiceController[]","False","False","False","Windows Mixed Reality OpenXR Service","System.ServiceProcess.ServiceController[]",".","MixedRealityOpenXRSvc","System.ServiceProcess.ServiceController[]",,"Stopped","Win32ShareProcess","Manual",,
"MSDTC","System.ServiceProcess.ServiceController[]","False","False","False","Distributed Transaction Coordinator","System.ServiceProcess.ServiceController[]",".","MSDTC","System.ServiceProcess.ServiceController[]",,"Stopped","Win32OwnProcess","Manual",,
"MSiSCSI","System.ServiceProcess.ServiceController[]","False","False","False","Microsoft iSCSI Initiator Service","System.ServiceProcess.ServiceController[]",".","MSiSCSI","System.ServiceProcess.ServiceController[]",,"Stopped","Win32ShareProcess","Manual",,
"msiserver","System.ServiceProcess.ServiceController[]","False","False","False","Windows Installer","System.ServiceProcess.ServiceController[]",".","msiserver","System.ServiceProcess.ServiceController[]",,"Stopped","Win32OwnProcess","Manual",,
"MsKeyboardFilter","System.ServiceProcess.ServiceController[]","False","False","False","Microsoft Keyboard Filter","System.ServiceProcess.ServiceController[]",".","MsKeyboardFilter","System.ServiceProcess.ServiceController[]",,"Stopped","Win32ShareProcess","Disabled",,
"NaturalAuthentication","System.ServiceProcess.ServiceController[]","False","False","False","Natural Authentication","System.ServiceProcess.ServiceController[]",".","NaturalAuthentication","System.ServiceProcess.ServiceController[]",,"Stopped","Win32ShareProcess","Manual",,
"NcaSvc","System.ServiceProcess.ServiceController[]","False","False","False","Network Connectivity Assistant","System.ServiceProcess.ServiceController[]",".","NcaSvc","System.ServiceProcess.ServiceController[]",,"Stopped","Win32ShareProcess","Manual",,
"NcdAutoSetup","System.ServiceProcess.ServiceController[]","False","False","False","Network Connected Devices Auto-Setup","System.ServiceProcess.ServiceController[]",".","NcdAutoSetup","System.ServiceProcess.ServiceController[]",,"Stopped","Win32ShareProcess","Manual",,
"Netlogon","System.ServiceProcess.ServiceController[]","False","False","False","Netlogon","System.ServiceProcess.ServiceController[]",".","Netlogon","System.ServiceProcess.ServiceController[]",,"Stopped","Win32ShareProcess","Manual",,
"Netman","System.ServiceProcess.ServiceController[]","False","False","False","Network Connections","System.ServiceProcess.ServiceController[]",".","Netman","System.ServiceProcess.ServiceController[]",,"Stopped","Win32ShareProcess","Manual",,
"NetSetupSvc","System.ServiceProcess.ServiceController[]","False","False","False","Network Setup Service","System.ServiceProcess.ServiceController[]",".","NetSetupSvc","System.ServiceProcess.ServiceController[]",,"Stopped","Win32OwnProcess, Win32ShareProcess","Manual",,
"NetTcpPortSharing","System.ServiceProcess.ServiceController[]","False","False","False","Net.Tcp Port Sharing Service","System.ServiceProcess.ServiceController[]",".","NetTcpPortSharing","System.ServiceProcess.ServiceController[]",,"Stopped","Win32ShareProcess","Disabled",,
"NlaSvc","System.ServiceProcess.ServiceController[]","False","False","False","Network Location Awareness","System.ServiceProcess.ServiceController[]",".","NlaSvc","System.ServiceProcess.ServiceController[]",,"Stopped","Win32ShareProcess","Manual",,
"OneDrive Updater Service","System.ServiceProcess.ServiceController[]","False","False","False","OneDrive Updater Service","System.ServiceProcess.ServiceController[]",".","OneDrive Updater Service","System.ServiceProcess.ServiceController[]",,"Stopped","Win32OwnProcess","Manual",,
"p2pimsvc","System.ServiceProcess.ServiceController[]","False","False","False","Peer Networking Identity Manager","System.ServiceProcess.ServiceController[]",".","p2pimsvc","System.ServiceProcess.ServiceController[]",,"Stopped","Win32ShareProcess","Manual",,
"p2psvc","System.ServiceProcess.ServiceController[]","False","False","False","Peer Networking Grouping","System.ServiceProcess.ServiceController[]",".","p2psvc","System.ServiceProcess.ServiceController[]",,"Stopped","Win32ShareProcess","Manual",,
"P9RdrService_381a5","System.ServiceProcess.ServiceController[]","False","False","False","P9RdrService_381a5","System.ServiceProcess.ServiceController[]",".","P9RdrService_381a5","System.ServiceProcess.ServiceController[]",,"Stopped","224","Manual",,
"PeerDistSvc","System.ServiceProcess.ServiceController[]","False","False","False","BranchCache","System.ServiceProcess.ServiceController[]",".","PeerDistSvc","System.ServiceProcess.ServiceController[]",,"Stopped","Win32ShareProcess","Manual",,
"PenService_381a5","System.ServiceProcess.ServiceController[]","False","False","False","PenService_381a5","System.ServiceProcess.ServiceController[]",".","PenService_381a5","System.ServiceProcess.ServiceController[]",,"Stopped","224","Manual",,
"perceptionsimulation","System.ServiceProcess.ServiceController[]","False","False","False","Windows Perception Simulation Service","System.ServiceProcess.ServiceController[]",".","perceptionsimulation","System.ServiceProcess.ServiceController[]",,"Stopped","Win32OwnProcess","Manual",,
"PerfHost","System.ServiceProcess.ServiceController[]","False","False","False","Performance Counter DLL Host","System.ServiceProcess.ServiceController[]",".","PerfHost","System.ServiceProcess.ServiceController[]",,"Stopped","Win32OwnProcess","Manual",,
"pla","System.ServiceProcess.ServiceController[]","False","False","False","Performance Logs & Alerts",,".","pla","System.ServiceProcess.ServiceController[]",,"Stopped","Win32ShareProcess","Manual",,
"PNRPAutoReg","System.ServiceProcess.ServiceController[]","False","False","False","PNRP Machine Name Publication Service","System.ServiceProcess.ServiceController[]",".","PNRPAutoReg","System.ServiceProcess.ServiceController[]",,"Stopped","Win32ShareProcess","Manual",,
"PNRPsvc","System.ServiceProcess.ServiceController[]","False","False","False","Peer Name Resolution Protocol","System.ServiceProcess.ServiceController[]",".","PNRPsvc","System.ServiceProcess.ServiceController[]",,"Stopped","Win32ShareProcess","Manual",,
"PolicyAgent","System.ServiceProcess.ServiceController[]","False","False","False","IPsec Policy Agent","System.ServiceProcess.ServiceController[]",".","PolicyAgent","System.ServiceProcess.ServiceController[]",,"Stopped","Win32ShareProcess","Manual",,
"PrintNotify","System.ServiceProcess.ServiceController[]","False","False","False","Printer Extensions and Notifications","System.ServiceProcess.ServiceController[]",".","PrintNotify","System.ServiceProcess.ServiceController[]",,"Stopped","Win32ShareProcess, InteractiveProcess","Manual",,
"PushToInstall","System.ServiceProcess.ServiceController[]","False","False","False","Windows PushToInstall Service","System.ServiceProcess.ServiceController[]",".","PushToInstall","System.ServiceProcess.ServiceController[]",,"Stopped","Win32OwnProcess, Win32ShareProcess","Manual",,
"RasAuto","System.ServiceProcess.ServiceController[]","False","False","False","Remote Access Auto Connection Manager","System.ServiceProcess.ServiceController[]",".","RasAuto","System.ServiceProcess.ServiceController[]",,"Stopped","Win32ShareProcess","Manual",,
"RemoteAccess","System.ServiceProcess.ServiceController[]","False","False","False","Routing and Remote Access","System.ServiceProcess.ServiceController[]",".","RemoteAccess","System.ServiceProcess.ServiceController[]",,"Stopped","Win32ShareProcess","Disabled",,
"RemoteRegistry","System.ServiceProcess.ServiceController[]","False","False","False","Remote Registry","System.ServiceProcess.ServiceController[]",".","RemoteRegistry","System.ServiceProcess.ServiceController[]",,"Stopped","Win32ShareProcess","Disabled",,
"RetailDemo","System.ServiceProcess.ServiceController[]","False","False","False","Retail Demo Service","System.ServiceProcess.ServiceController[]",".","RetailDemo","System.ServiceProcess.ServiceController[]",,"Stopped","Win32ShareProcess","Manual",,
"SCardSvr","System.ServiceProcess.ServiceController[]","False","False","False","Smart Card","System.ServiceProcess.ServiceController[]",".","SCardSvr","System.ServiceProcess.ServiceController[]",,"Stopped","Win32ShareProcess","Manual",,
"ScDeviceEnum","System.ServiceProcess.ServiceController[]","False","False","False","Smart Card Device Enumeration Service","System.ServiceProcess.ServiceController[]",".","ScDeviceEnum","System.ServiceProcess.ServiceController[]",,"Stopped","Win32ShareProcess","Manual",,
"SCPolicySvc","System.ServiceProcess.ServiceController[]","False","False","False","Smart Card Removal Policy","System.ServiceProcess.ServiceController[]",".","SCPolicySvc","System.ServiceProcess.ServiceController[]",,"Stopped","Win32ShareProcess","Manual",,
"SDRSVC","System.ServiceProcess.ServiceController[]","False","False","False","Windows Backup","System.ServiceProcess.ServiceController[]",".","SDRSVC","System.ServiceProcess.ServiceController[]",,"Stopped","Win32OwnProcess","Manual",,
"SEMgrSvc","System.ServiceProcess.ServiceController[]","False","False","False","Payments and NFC/SE Manager","System.ServiceProcess.ServiceController[]",".","SEMgrSvc","System.ServiceProcess.ServiceController[]",,"Stopped","Win32OwnProcess","Manual",,
"Sense","System.ServiceProcess.ServiceController[]","False","False","False","Windows Defender Advanced Threat Protection Service","System.ServiceProcess.ServiceController[]",".","Sense","System.ServiceProcess.ServiceController[]",,"Stopped","Win32OwnProcess","Manual",,
"SensorDataService","System.ServiceProcess.ServiceController[]","False","False","False","Sensor Data Service","System.ServiceProcess.ServiceController[]",".","SensorDataService","System.ServiceProcess.ServiceController[]",,"Stopped","Win32OwnProcess","Manual",,
"SensorService","System.ServiceProcess.ServiceController[]","False","False","False","Sensor Service","System.ServiceProcess.ServiceController[]",".","SensorService","System.ServiceProcess.ServiceController[]",,"Stopped","Win32ShareProcess","Manual",,
"SensrSvc","System.ServiceProcess.ServiceController[]","False","False","False","Sensor Monitoring Service","System.ServiceProcess.ServiceController[]",".","SensrSvc","System.ServiceProcess.ServiceController[]",,"Stopped","Win32ShareProcess","Manual",,
"SessionEnv","System.ServiceProcess.ServiceController[]","False","False","False","Remote Desktop Configuration","System.ServiceProcess.ServiceController[]",".","SessionEnv","System.ServiceProcess.ServiceController[]",,"Stopped","Win32ShareProcess","Manual",,
"SgrmBroker","System.ServiceProcess.ServiceController[]","False","False","False","System Guard Runtime Monitor Broker","System.ServiceProcess.ServiceController[]",".","SgrmBroker","System.ServiceProcess.ServiceController[]",,"Stopped","Win32OwnProcess","Disabled",,
"SharedRealitySvc","System.ServiceProcess.ServiceController[]","False","False","False","Spatial Data Service","System.ServiceProcess.ServiceController[]",".","SharedRealitySvc","System.ServiceProcess.ServiceController[]",,"Stopped","Win32ShareProcess","Manual",,
"shpamsvc","System.ServiceProcess.ServiceController[]","False","False","False","Shared PC Account Manager","System.ServiceProcess.ServiceController[]",".","shpamsvc","System.ServiceProcess.ServiceController[]",,"Stopped","Win32ShareProcess","Disabled",,
"smphost","System.ServiceProcess.ServiceController[]","False","False","False","Microsoft Storage Spaces SMP","System.ServiceProcess.ServiceController[]",".","smphost","System.ServiceProcess.ServiceController[]",,"Stopped","Win32OwnProcess","Manual",,
"SmsRouter","System.ServiceProcess.ServiceController[]","False","False","False","Microsoft Windows SMS Router Service.",,".","SmsRouter","System.ServiceProcess.ServiceController[]",,"Stopped","Win32ShareProcess","Manual",,
"SNMPTrap","System.ServiceProcess.ServiceController[]","False","False","False","SNMP Trap","System.ServiceProcess.ServiceController[]",".","SNMPTrap","System.ServiceProcess.ServiceController[]",,"Stopped","Win32OwnProcess","Manual",,
"spectrum","System.ServiceProcess.ServiceController[]","False","False","False","Windows Perception Service","System.ServiceProcess.ServiceController[]",".","spectrum","System.ServiceProcess.ServiceController[]",,"Stopped","Win32OwnProcess","Manual",,
"sppsvc","System.ServiceProcess.ServiceController[]","False","False","False","Software Protection","System.ServiceProcess.ServiceController[]",".","sppsvc","System.ServiceProcess.ServiceController[]",,"Stopped","Win32OwnProcess","Automatic",,
"ssh-agent","System.ServiceProcess.ServiceController[]","False","False","False","OpenSSH Authentication Agent","System.ServiceProcess.ServiceController[]",".","ssh-agent","System.ServiceProcess.ServiceController[]",,"Stopped","Win32OwnProcess","Disabled",,
"svsvc","System.ServiceProcess.ServiceController[]","False","False","False","Spot Verifier","System.ServiceProcess.ServiceController[]",".","svsvc","System.ServiceProcess.ServiceController[]",,"Stopped","Win32ShareProcess","Manual",,
"swprv","System.ServiceProcess.ServiceController[]","False","False","False","Microsoft Software Shadow Copy Provider","System.ServiceProcess.ServiceController[]",".","swprv","System.ServiceProcess.ServiceController[]",,"Stopped","Win32OwnProcess","Manual",,
"TapiSrv","System.ServiceProcess.ServiceController[]","False","False","False","Telephony","System.ServiceProcess.ServiceController[]",".","TapiSrv","System.ServiceProcess.ServiceController[]",,"Stopped","Win32ShareProcess","Manual",,
"TermService","System.ServiceProcess.ServiceController[]","False","False","False","Remote Desktop Services","System.ServiceProcess.ServiceController[]",".","TermService","System.ServiceProcess.ServiceController[]",,"Stopped","Win32ShareProcess","Manual",,
"TieringEngineService","System.ServiceProcess.ServiceController[]","False","False","False","Storage Tiers Management","System.ServiceProcess.ServiceController[]",".","TieringEngineService","System.ServiceProcess.ServiceController[]",,"Stopped","Win32OwnProcess","Manual",,
"TroubleshootingSvc","System.ServiceProcess.ServiceController[]","False","False","False","Recommended Troubleshooting Service","System.ServiceProcess.ServiceController[]",".","TroubleshootingSvc","System.ServiceProcess.ServiceController[]",,"Stopped","Win32ShareProcess","Manual",,
"TrustedInstaller","System.ServiceProcess.ServiceController[]","False","False","False","Windows Modules Installer","System.ServiceProcess.ServiceController[]",".","TrustedInstaller","System.ServiceProcess.ServiceController[]",,"Stopped","Win32OwnProcess","Manual",,
"tzautoupdate","System.ServiceProcess.ServiceController[]","False","False","False","Auto Time Zone Updater","System.ServiceProcess.ServiceController[]",".","tzautoupdate","System.ServiceProcess.ServiceController[]",,"Stopped","Win32ShareProcess","Disabled",,
"UevAgentService","System.ServiceProcess.ServiceController[]","False","False","False","User Experience Virtualization Service","System.ServiceProcess.ServiceController[]",".","UevAgentService","System.ServiceProcess.ServiceController[]",,"Stopped","Win32OwnProcess","Disabled",,
"uhssvc","System.ServiceProcess.ServiceController[]","False","False","False","Microsoft Update Health Service","System.ServiceProcess.ServiceController[]",".","uhssvc","System.ServiceProcess.ServiceController[]",,"Stopped","Win32OwnProcess","Disabled",,
"UmRdpService","System.ServiceProcess.ServiceController[]","False","False","False","Remote Desktop Services UserMode Port Redirector","System.ServiceProcess.ServiceController[]",".","UmRdpService","System.ServiceProcess.ServiceController[]",,"Stopped","Win32ShareProcess","Manual",,
"upnphost","System.ServiceProcess.ServiceController[]","False","False","False","UPnP Device Host","System.ServiceProcess.ServiceController[]",".","upnphost","System.ServiceProcess.ServiceController[]",,"Stopped","Win32ShareProcess","Manual",,
"VacSvc","System.ServiceProcess.ServiceController[]","False","False","False","Volumetric Audio Compositor Service","System.ServiceProcess.ServiceController[]",".","VacSvc","System.ServiceProcess.ServiceController[]",,"Stopped","Win32OwnProcess","Manual",,
"VBoxSDS","System.ServiceProcess.ServiceController[]","False","False","False","VirtualBox system service","System.ServiceProcess.ServiceController[]",".","VBoxSDS","System.ServiceProcess.ServiceController[]",,"Stopped","Win32OwnProcess","Manual",,
"vds","System.ServiceProcess.ServiceController[]","False","False","False","Virtual Disk","System.ServiceProcess.ServiceController[]",".","vds","System.ServiceProcess.ServiceController[]",,"Stopped","Win32OwnProcess","Manual",,
"vmcompute","System.ServiceProcess.ServiceController[]","False","False","False","Hyper-V Host Compute Service","System.ServiceProcess.ServiceController[]",".","vmcompute","System.ServiceProcess.ServiceController[]",,"Stopped","Win32OwnProcess","Manual",,
"vmicguestinterface","System.ServiceProcess.ServiceController[]","False","False","False","Hyper-V Guest Service Interface","System.ServiceProcess.ServiceController[]",".","vmicguestinterface","System.ServiceProcess.ServiceController[]",,"Stopped","Win32ShareProcess","Manual",,
"vmicheartbeat","System.ServiceProcess.ServiceController[]","False","False","False","Hyper-V Heartbeat Service","System.ServiceProcess.ServiceController[]",".","vmicheartbeat","System.ServiceProcess.ServiceController[]",,"Stopped","Win32ShareProcess","Manual",,
"vmickvpexchange","System.ServiceProcess.ServiceController[]","False","False","False","Hyper-V Data Exchange Service","System.ServiceProcess.ServiceController[]",".","vmickvpexchange","System.ServiceProcess.ServiceController[]",,"Stopped","Win32ShareProcess","Manual",,
"vmicrdv","System.ServiceProcess.ServiceController[]","False","False","False","Hyper-V Remote Desktop Virtualization Service","System.ServiceProcess.ServiceController[]",".","vmicrdv","System.ServiceProcess.ServiceController[]",,"Stopped","Win32ShareProcess","Manual",,
"vmicshutdown","System.ServiceProcess.ServiceController[]","False","False","False","Hyper-V Guest Shutdown Service","System.ServiceProcess.ServiceController[]",".","vmicshutdown","System.ServiceProcess.ServiceController[]",,"Stopped","Win32ShareProcess","Manual",,
"vmictimesync","System.ServiceProcess.ServiceController[]","False","False","False","Hyper-V Time Synchronization Service","System.ServiceProcess.ServiceController[]",".","vmictimesync","System.ServiceProcess.ServiceController[]",,"Stopped","Win32ShareProcess","Manual",,
"vmicvmsession","System.ServiceProcess.ServiceController[]","False","False","False","Hyper-V PowerShell Direct Service","System.ServiceProcess.ServiceController[]",".","vmicvmsession","System.ServiceProcess.ServiceController[]",,"Stopped","Win32ShareProcess","Manual",,
"vmicvss","System.ServiceProcess.ServiceController[]","False","False","False","Hyper-V Volume Shadow Copy Requestor","System.ServiceProcess.ServiceController[]",".","vmicvss","System.ServiceProcess.ServiceController[]",,"Stopped","Win32ShareProcess","Manual",,
"VSS","System.ServiceProcess.ServiceController[]","False","False","False","Volume Shadow Copy","System.ServiceProcess.ServiceController[]",".","VSS","System.ServiceProcess.ServiceController[]",,"Stopped","Win32OwnProcess","Manual",,
"W32Time","System.ServiceProcess.ServiceController[]","False","False","False","Windows Time","System.ServiceProcess.ServiceController[]",".","W32Time","System.ServiceProcess.ServiceController[]",,"Stopped","Win32OwnProcess, Win32ShareProcess","Manual",,
"WaaSMedicSvc","System.ServiceProcess.ServiceController[]","False","False","False","WaaSMedicSvc","System.ServiceProcess.ServiceController[]",".","WaaSMedicSvc","System.ServiceProcess.ServiceController[]",,"Stopped","Win32OwnProcess, Win32ShareProcess","Manual",,
"WalletService","System.ServiceProcess.ServiceController[]","False","False","False","WalletService","System.ServiceProcess.ServiceController[]",".","WalletService","System.ServiceProcess.ServiceController[]",,"Stopped","Win32ShareProcess","Manual",,
"WarpJITSvc","System.ServiceProcess.ServiceController[]","False","False","False","Warp JIT Service","System.ServiceProcess.ServiceController[]",".","WarpJITSvc","System.ServiceProcess.ServiceController[]",,"Stopped","Win32OwnProcess","Manual",,
"wbengine","System.ServiceProcess.ServiceController[]","False","False","False","Block Level Backup Engine Service","System.ServiceProcess.ServiceController[]",".","wbengine","System.ServiceProcess.ServiceController[]",,"Stopped","Win32OwnProcess","Manual",,
"WbioSrvc","System.ServiceProcess.ServiceController[]","False","False","False","Windows Biometric Service","System.ServiceProcess.ServiceController[]",".","WbioSrvc","System.ServiceProcess.ServiceController[]",,"Stopped","Win32OwnProcess, Win32ShareProcess","Automatic",,
"wcncsvc","System.ServiceProcess.ServiceController[]","False","False","False","Windows Connect Now - Config Registrar","System.ServiceProcess.ServiceController[]",".","wcncsvc","System.ServiceProcess.ServiceController[]",,"Stopped","Win32ShareProcess","Manual",,
"WdiServiceHost","System.ServiceProcess.ServiceController[]","False","False","False","Diagnostic Service Host","System.ServiceProcess.ServiceController[]",".","WdiServiceHost","System.ServiceProcess.ServiceController[]",,"Stopped","Win32OwnProcess, Win32ShareProcess","Manual",,
"WdiSystemHost","System.ServiceProcess.ServiceController[]","False","False","False","Diagnostic System Host","System.ServiceProcess.ServiceController[]",".","WdiSystemHost","System.ServiceProcess.ServiceController[]",,"Stopped","Win32OwnProcess, Win32ShareProcess","Manual",,
"webthreatdefsvc","System.ServiceProcess.ServiceController[]","False","False","False","Web Threat Defense Service","System.ServiceProcess.ServiceController[]",".","webthreatdefsvc","System.ServiceProcess.ServiceController[]",,"Stopped","Win32ShareProcess","Manual",,
"Wecsvc","System.ServiceProcess.ServiceController[]","False","False","False","Windows Event Collector","System.ServiceProcess.ServiceController[]",".","Wecsvc","System.ServiceProcess.ServiceController[]",,"Stopped","Win32ShareProcess","Manual",,
"WEPHOSTSVC","System.ServiceProcess.ServiceController[]","False","False","False","Windows Encryption Provider Host Service","System.ServiceProcess.ServiceController[]",".","WEPHOSTSVC","System.ServiceProcess.ServiceController[]",,"Stopped","Win32ShareProcess","Manual",,
"wercplsupport","System.ServiceProcess.ServiceController[]","False","False","False","Problem Reports Control Panel Support","System.ServiceProcess.ServiceController[]",".","wercplsupport","System.ServiceProcess.ServiceController[]",,"Stopped","Win32ShareProcess","Manual",,
"WerSvc","System.ServiceProcess.ServiceController[]","False","False","False","Windows Error Reporting Service","System.ServiceProcess.ServiceController[]",".","WerSvc","System.ServiceProcess.ServiceController[]",,"Stopped","Win32OwnProcess","Manual",,
"WFDSConMgrSvc","System.ServiceProcess.ServiceController[]","False","False","False","Wi-Fi Direct Services Connection Manager Service","System.ServiceProcess.ServiceController[]",".","WFDSConMgrSvc","System.ServiceProcess.ServiceController[]",,"Stopped","Win32ShareProcess","Manual",,
"WiaRpc","System.ServiceProcess.ServiceController[]","False","False","False","Still Image Acquisition Events","System.ServiceProcess.ServiceController[]",".","WiaRpc","System.ServiceProcess.ServiceController[]",,"Stopped","Win32ShareProcess","Manual",,
"WinRM","System.ServiceProcess.ServiceController[]","False","False","False","Windows Remote Management (WS-Management)","System.ServiceProcess.ServiceController[]",".","WinRM","System.ServiceProcess.ServiceController[]",,"Stopped","Win32ShareProcess","Manual",,
"wisvc","System.ServiceProcess.ServiceController[]","False","False","False","Windows Insider Service","System.ServiceProcess.ServiceController[]",".","wisvc","System.ServiceProcess.ServiceController[]",,"Stopped","Win32OwnProcess, Win32ShareProcess","Manual",,
"wlpasvc","System.ServiceProcess.ServiceController[]","False","False","False","Local Profile Assistant Service","System.ServiceProcess.ServiceController[]",".","wlpasvc","System.ServiceProcess.ServiceController[]",,"Stopped","Win32ShareProcess","Manual",,
"WManSvc","System.ServiceProcess.ServiceController[]","False","False","False","Windows Management Service","System.ServiceProcess.ServiceController[]",".","WManSvc","System.ServiceProcess.ServiceController[]",,"Stopped","Win32ShareProcess","Manual",,
"WMPNetworkSvc","System.ServiceProcess.ServiceController[]","False","False","False","Windows Media Player Network Sharing Service","System.ServiceProcess.ServiceController[]",".","WMPNetworkSvc","System.ServiceProcess.ServiceController[]",,"Stopped","Win32OwnProcess","Manual",,
"workfolderssvc","System.ServiceProcess.ServiceController[]","False","False","False","Work Folders","System.ServiceProcess.ServiceController[]",".","workfolderssvc","System.ServiceProcess.ServiceController[]",,"Stopped","Win32ShareProcess","Manual",,
"WpcMonSvc","System.ServiceProcess.ServiceController[]","False","False","False","Parental Controls","System.ServiceProcess.ServiceController[]",".","WpcMonSvc","System.ServiceProcess.ServiceController[]",,"Stopped","Win32OwnProcess","Manual",,
"WPDBusEnum","System.ServiceProcess.ServiceController[]","False","False","False","Portable Device Enumerator Service","System.ServiceProcess.ServiceController[]",".","WPDBusEnum","System.ServiceProcess.ServiceController[]",,"Stopped","Win32OwnProcess, Win32ShareProcess","Manual",,
"wuauserv","System.ServiceProcess.ServiceController[]","False","False","False","Windows Update","System.ServiceProcess.ServiceController[]",".","wuauserv","System.ServiceProcess.ServiceController[]",,"Stopped","Win32OwnProcess, Win32ShareProcess","Manual",,
"WwanSvc","System.ServiceProcess.ServiceController[]","False","False","False","WWAN AutoConfig","System.ServiceProcess.ServiceController[]",".","WwanSvc","System.ServiceProcess.ServiceController[]",,"Stopped","Win32ShareProcess","Manual",,
"XblGameSave","System.ServiceProcess.ServiceController[]","False","False","False","Xbox Live Game Save","System.ServiceProcess.ServiceController[]",".","XblGameSave","System.ServiceProcess.ServiceController[]",,"Stopped","Win32ShareProcess","Manual",,
"XboxGipSvc","System.ServiceProcess.ServiceController[]","False","False","False","Xbox Accessory Management Service","System.ServiceProcess.ServiceController[]",".","XboxGipSvc","System.ServiceProcess.ServiceController[]",,"Stopped","Win32ShareProcess","Manual",,
"XboxNetApiSvc","System.ServiceProcess.ServiceController[]","False","False","False","Xbox Live Networking Service","System.ServiceProcess.ServiceController[]",".","XboxNetApiSvc","System.ServiceProcess.ServiceController[]",,"Stopped","Win32ShareProcess","Manual",,
